{
  "geometry": "hemilithic",
  "constants": {
    "c_m_per_s": 299792458.0
  },
  "inputs": {
    "crystal_length_m": 0.016,
    "n_crystal": 1.82,
    "RoC_m": 0.05,
    "wavelength_m": 1.55e-06,
    "T_ext": 0.1,
    "L_rt": 0.01,
    "detuning_Hz": 0.0,
    "geometry_specific": {
      "L_air_m": 0.02
    }
  },
  "results": {
    "q_sagittal": {
      "real": 0.049120000000000004,
      "imag": 0.006574617859617386
    },
    "q_tangential": {
      "real": 0.049120000000000004,
      "imag": 0.006574617859617386
    },
    "m_factor": {
      "sagittal": -0.9648000000000001,
      "tangential": -0.9648000000000001
    },
    "beam_waist_crystal_um": 42.21730210786146,
    "cavity_length_m": 0.07200000000000001,
    "optical_crystal_length_m": 0.032,
    "optical_roundtrip_length_m": 0.09824000000000001,
    "fsr_Hz": 3051633326.547231,
    "kappa_ext_rad_s": 152581666.32736155,
    "kappa_loss_rad_s": 15258166.632736156,
    "kappa_total_rad_s": 167839832.9600977,
    "kappa_total_Hz": 26712539.06331757,
    "escape_efficiency": 0.9090909090909092,
    "detuning_rad_s": 0.0,
    "gouy_phase_sagittal_rad": 2.8754781395706357,
    "gouy_phase_tangential_rad": 2.8754781395706357
  }
}